<?xml version="1.0" encoding="UTF-8"?>

<!DOCTYPE mapper
    PUBLIC "-//mybatis.org//DTD Mapper 3.0//EN"
    "http://mybatis.org/dtd/mybatis-3-mapper.dtd">

<mapper namespace="com.tech.PlamingGo.dao.CustomDao">

<sql id="includeCount">
		<choose>
			<when test="param2==1">
                     WHERE (NO_TITLE LIKE '%'||#{param1}||'%')          
			</when>
			<when test="param2==2">
                     WHERE (NO_CONTENT LIKE '%'||#{param1}||'%')        
			</when>
			<when test="param2==3">
                     WHERE (NO_TITLE LIKE '%'||#{param1}||'%' or NO_CONTENT LIKE '%'||#{param1}||'%')         
			</when>
			<otherwise>
				
			</otherwise>
			
		</choose>
    </sql>
	<sql id="includeList">
		<choose>
			<when test="param4==1">
                     WHERE (NO_TITLE LIKE '%'||#{param3}||'%')          
			</when>
			<when test="param4==2">
                     WHERE (NO_CONTENT LIKE '%'||#{param3}||'%')        
			</when>
			<when test="param4==3">
                     WHERE (NO_TITLE LIKE '%'||#{param3}||'%' or NO_CONTENT LIKE '%'||#{param3}||'%')         
			</when>
			<otherwise>
				
			</otherwise>
			
		</choose>
    </sql>

<select id="customer" resultType="com.tech.PlamingGo.dto.CustomDto">
 		SELECT NO_NUM,NO_ID,NO_TITLE,NO_CONTENT,
 				NO_DATE,NO_HITS,NO_GROUP,NO_STEP,
 				NO_INDENT FROM (SELECT NO_NUM,NO_ID,NO_TITLE,NO_CONTENT,
 				NO_DATE,NO_HITS,NO_GROUP,NO_STEP,
 				NO_INDENT, ROW_NUMBER()
				OVER(ORDER BY NO_GROUP DESC,NO_STEP ASC) C_SEQ 
				FROM PG_NOTICE
				<include refid="includeList" />
				)
				WHERE C_SEQ BETWEEN #{param1} AND #{param2}
</select>
<select id="selectBoardCount" resultType="Integer">
		SELECT COUNT(*) FROM PG_NOTICE
		<include refid="includeCount" />
	</select>
<insert id="n_write">
	INSERT INTO PG_NOTICE(NO_NUM,NO_ID,NO_TITLE,
					NO_CONTENT,NO_HITS,NO_GROUP,NO_STEP,NO_INDENT,NO_FILESRC)
					 VALUES(NO_NUM_SEQ.NEXTVAL,
					#{param1},#{param2},#{param3},0, <!-- 1,2,3의 해당하는 ?(BNAME),?(BTITLE),?(BCONTENT)를 #{PARAM1,2,3}로 수정 -->
					NO_NUM_SEQ.CURRVAL,0,0,#{param4})
	</insert>
	
<select id="n_contentview" resultType="com.tech.PlamingGo.dto.CustomDto">
	SELECT * FROM PG_NOTICE WHERE NO_NUM=#{param1}
</select>

<update id="n_upHit">
	UPDATE PG_NOTICE SET
		NO_HITS=NO_HITS+1 WHERE NO_NUM=#{param1}
</update>

<update id="n_modify">
		UPDATE PG_NOTICE SET no_ID=#{param2},
					NO_TITLE=#{param3},NO_CONTENT=#{param4}
					 WHERE NO_NUM=#{param1}
</update>

 <delete id="n_delete">
	DELETE FROM PG_NOTICE WHERE NO_NUM=#{param1}
</delete>


<!--  <select id="c_replyview" resultType="com.tech.PlamingGo.dto.QnaDto">
		SELECT * FROM PG_QNA WHERE QNA_NUM=#{param1}
	</select>
<insert id="c_reply">
		INSERT INTO PG_QNA(QNA_NUM,QNA_ID,
					QNA_TITLE,QNA_CONTENT,
					QNA_GROUP,QNA_STEP,QNA_INDENT) 
					VALUES(QNA_NUM_SEQ.NEXTVAL,
					#{param2},#{param3},#{param4},
					#{param5},#{param6}+1,#{param7}+1)
	</insert>
	<update id="stepup">
		UPDATE PG_QNA SET QNA_STEP=QNA_STEP+1
				 WHERE (QNA_GROUP=#{param1} 
				 AND QNA_STEP>#{param2})
	</update> -->
</mapper>