<?xml version="1.0" encoding="UTF-8"?>

<!DOCTYPE mapper
    PUBLIC "-//mybatis.org//DTD Mapper 3.0//EN"
    "http://mybatis.org/dtd/mybatis-3-mapper.dtd">

<mapper namespace="com.tech.PlamingGo.dao.DramaDao">
	<!-- 검색창 + 페이징처리 include할 sql -->
	<!-- <sql id="getSearchCount">
		<choose>
			<when test="param2==1">
				WHERE (TITLE LIKE '%'||#{param1}||'%')
			</when>
			<when test="param2==2">
				WHERE (ACTOR LIKE '%'||#{param1}||'%')
			</when>
			<when test="param2==3">
				WHERE (DIRECTOR LIKE '%'||#{param1}||'%')
			</when>
		</choose>
	</sql> -->
	
	<sql id="getSearchCount">
		WHERE (TITLE LIKE '%'||#{param1}||'%')
		OR (ACTOR LIKE '%'||#{param1}||'%')
		OR (DIRECTOR LIKE '%'||#{param1}||'%')
	</sql>
	
	<!-- 검색창 include할 sql -->
	<!-- <sql id="getSearchList">
		<choose>
			<when test="param4==1">
				WHERE (TITLE LIKE '%'||#{param3}||'%')  
			</when>
			<when test="param4==2">
				WHERE (ACTOR LIKE '%'||#{param3}||'%')
			</when>
			<when test="param4==3">
				WHERE (DIRECTOR LIKE '%'||#{param3}||'%')
			</when>
		</choose>
	</sql> -->
	
	<sql id="getSearchList">
		WHERE (TITLE LIKE '%'||#{param3}||'%')
		OR (ACTOR LIKE '%'||#{param3}||'%')
		OR (DIRECTOR LIKE '%'||#{param3}||'%')
	</sql>


	<!-- 드라마 리스트 가져오기 -->
	<select id="drama" resultType="com.tech.PlamingGo.dto.DramaDto">
		SELECT CODE,IMG,TITLE,OPENDATE,RATING,AGE,EPI
		FROM (SELECT CODE,IMG,TITLE,OPENDATE,RATING,AGE,EPI,
			  ROW_NUMBER() OVER(ORDER BY OPENDATE DESC, RATING DESC) D_SEQ
			  FROM PG_DRAMA)
		WHERE D_SEQ BETWEEN #{param1} AND #{param2}
	</select>
	
		<!-- 드라마 정렬 : 1) 최신작품 순 -->
		<select id="order1" resultType="com.tech.PlamingGo.dto.DramaDto">
			SELECT CODE,IMG,TITLE,OPENDATE,RATING,AGE,EPI
			FROM (SELECT CODE,IMG,TITLE,OPENDATE,RATING,AGE,EPI,
				  ROW_NUMBER() OVER(ORDER BY OPENDATE DESC) D_SEQ
				  FROM PG_DRAMA)
			WHERE D_SEQ BETWEEN #{param1} AND #{param2}
		</select>
		
		<!-- 드라마 정렬 : 2) 평균별점 순 -->
		<select id="order2" resultType="com.tech.PlamingGo.dto.DramaDto">
			SELECT CODE,IMG,TITLE,OPENDATE,RATING,AGE,EPI
			FROM (SELECT CODE,IMG,TITLE,OPENDATE,RATING,AGE,EPI,
				  ROW_NUMBER() OVER(ORDER BY RATING DESC) D_SEQ
				  FROM PG_DRAMA)
			WHERE D_SEQ BETWEEN #{param1} AND #{param2}
		</select>
		
		<!-- 드라마 정렬 : 3) 조회수 순 -->
		<select id="order3" resultType="com.tech.PlamingGo.dto.DramaDto">
			SELECT CODE,IMG,TITLE,OPENDATE,RATING,AGE,EPI
			FROM (SELECT CODE,IMG,TITLE,OPENDATE,RATING,AGE,EPI,
				  ROW_NUMBER() OVER(ORDER BY HITS DESC) D_SEQ
				  FROM PG_DRAMA)
			WHERE D_SEQ BETWEEN #{param1} AND #{param2}
		</select>
		
	
	
	<!-- 페이징 처리 (전체 드라마 데이터 개수)(views > drama.jsp에 페이징 처리!) -->
	<select id="selectDramaCount" resultType="Integer">
		SELECT COUNT(*) FROM PG_DRAMA
	</select>
	
	<!-- 상세보기 -->
	<select id="drama_detailview" resultType="com.tech.PlamingGo.dto.DramaDto">
		SELECT * FROM PG_DRAMA WHERE CODE=#{param1,jdbcType=VARCHAR}	
	</select>
	
	
	
	<!-- 보고싶어요 등록 -->
	<insert id="wish">
		INSERT INTO PG_WISH(WISHCODE, USERID, CTSCODE)
		VALUES (WISHCODE_SEQ.NEXTVAL, #{param1}, #{param2})
	</insert>
	
	<!-- 보고싶어요 목록 -->
	<select id="wishlist">
		
	</select>
	
	<!-- 등록 -->
	<insert id="insert_page">
		INSERT INTO PG_DRAMA(CODE,IMG,TITLE,RATING,OPENDATE,NATION,AGE,
		EPI,DIRECTOR,ACTOR,GENRE,SUMMARY,TRAILER) VALUES(CODE_SEQ.NEXTVAL,
		#{param1, jdbcType=VARCHAR},#{param2},#{param3},#{param4},#{param5},#{param6},
		#{param7},#{param8},#{param9},#{param10},#{param11},#{param12})
	</insert>
	
	<!-- 상세보기의 내용 → 수정 페이지로 전달 -->
	<select id="modify" resultType="com.tech.PlamingGo.dto.DramaDto">
		SELECT * FROM PG_DRAMA WHERE CODE=#{param1, jdbcType=VARCHAR}	
	</select>
	
	<!-- 수정 -->
	<update id="modify_page">
		UPDATE PG_DRAMA SET IMG=#{param2, jdbcType=VARCHAR},TITLE=#{param3, jdbcType=VARCHAR},
		RATING=#{param4, jdbcType=VARCHAR},OPENDATE=#{param5, jdbcType=VARCHAR},
		NATION=#{param6, jdbcType=VARCHAR},AGE=#{param7, jdbcType=VARCHAR},
		EPI=#{param8, jdbcType=VARCHAR},DIRECTOR=#{param9, jdbcType=VARCHAR},
		ACTOR=#{param10, jdbcType=VARCHAR},GENRE=#{param11, jdbcType=VARCHAR},
		SUMMARY=#{param12, jdbcType=VARCHAR},TRAILER=#{param13, jdbcType=VARCHAR}
		WHERE CODE=#{param1, jdbcType=VARCHAR}
	</update>
	
	<!-- 조회수 증가 --> 
	<update id="upHit">
		UPDATE PG_DRAMA SET HITS=HITS+1 WHERE CODE=#{param1,jdbcType=VARCHAR}
	</update>
	
	<!-- 삭제 -->
	<delete id="delete">
		DELETE FROM PG_DRAMA WHERE CODE=#{param1}
	</delete>
	
	
	
	<!-- 검색창 -->
	<select id="search" resultType="com.tech.PlamingGo.dto.DramaDto">
		SELECT CODE,IMG,TITLE,OPENDATE,RATING,AGE,EPI
		FROM (SELECT CODE,IMG,TITLE,OPENDATE,RATING,AGE,EPI,
			  ROW_NUMBER() OVER(ORDER BY OPENDATE DESC, RATING DESC) D_SEQ
			  FROM PG_DRAMA
			  <include refid="getSearchList" />
			  )
		WHERE D_SEQ BETWEEN #{param1} AND #{param2}
	</select>
	
	<!-- 검색창 + 페이징처리 -->
	<select id="selectSearchCount" resultType="Integer">
		SELECT COUNT(*) FROM PG_DRAMA
		<include refid="getSearchCount" />
	</select>
	
	
	
<!-- =============================== 스틸컷 = 비하인드씬 =============================== -->


	
	<!-- 상세보기 → 해당 드라마 비하인드사진 리스트 가져오기 -->
	<select id="bts" resultType="com.tech.PlamingGo.dto.DramaDto">
		SELECT DRAMACODE,IMG1,IMG2,IMG3,IMG4,IMG5,IMG6
		FROM PG_DRAMA_BTS WHERE DRAMACODE=#{param1}
	</select>
	

	<!-- 사진 등록 -->
	<insert id="insertbts_page">
		INSERT INTO PG_DRAMA_BTS(DRAMACODE,IMG1,IMG2,IMG3,IMG4,IMG5,IMG6) 
		VALUES(#{param1, jdbcType=VARCHAR},#{param2, jdbcType=VARCHAR},
		#{param3, jdbcType=VARCHAR},#{param4, jdbcType=VARCHAR},
		#{param5, jdbcType=VARCHAR},#{param6, jdbcType=VARCHAR},
		#{param7, jdbcType=VARCHAR});	
	</insert>
	
	
	<!-- 사진 수정 -->
	<update id="modifybts_page">
		UPDATE PG_DRAMA_BTS 
		SET IMG1=#{param2, jdbcType=VARCHAR}, IMG2=#{param3, jdbcType=VARCHAR},
		IMG3=#{param4, jdbcType=VARCHAR}, IMG4=#{param5, jdbcType=VARCHAR},
		IMG5=#{param6, jdbcType=VARCHAR}, IMG6=#{param7, jdbcType=VARCHAR}, 
		WHERE DRAMACODE=#{param1, jdbcType=VARCHAR}
	</update>



<!-- =============================== 리뷰 =============================== -->



	<!-- 리뷰 리스트 가져오기 -->
	<select id="review" resultType="com.tech.PlamingGo.dto.DramaReviewDto">
		SELECT BNO,RNO,WRITER,REGDATE,CONTENT
		FROM PG_DRAMA_REVIEW 
		WHERE BNO=#{param1} ORDER BY REGDATE DESC
	</select>
	
	<!-- 리뷰 등록 -->
	<insert id="dreview_insert">
		INSERT INTO PG_DRAMA_REVIEW(BNO,RNO,WRITER,CONTENT,REGDATE) 
		VALUES(
		#{param1, jdbcType=VARCHAR},DREVIEW_NUM_SEQ.NEXTVAL,
		#{param2, jdbcType=VARCHAR},#{param3, jdbcType=VARCHAR},TO_CHAR(SYSDATE, 'YYYY-MM-DD'))
	</insert>
	
	<!-- 리뷰 삭제 -->
	<delete id="dreview_delete">
		DELETE FROM PG_DRAMA_REVIEW WHERE RNO=#{param1}
	</delete>
	
</mapper>